Semana,Tarea,Hecho (si/no),Fecha,Notas
1,Crear cuenta con email y telefono reales,,,
1,Foto de perfil y descripcion corta,,,
1,Ubicacion y direccion,,,
1,Metodo de cobro configurado,,,
1,Verificacion de identidad (si la ofrece),,,
1,Entrar 2-3 dias unos minutos y navegar,,,
2,Entrar varios dias y guardar favoritos de lo que me interese,,,
2,Subir 2-3 articulos de casa con fotos propias,,,
2,Responder mensajes en pocas horas,,,
3,Subir 4-5 articulos de casa mas,,,
3,Hacer 1 compra real que necesite y valorarla,,,
3,Enviar en 24-48h si vendo algo y pedir valoracion,,,
4,Llegar a unos 10-15 articulos de casa publicados,,,
4,Seguir con compras y ventas reales,,,
4,Preparar fotos de las zapatillas (etiqueta codigo plantilla suela caja),,,
4,Guardar prueba de compra de cada par (captura del pedido o factura),,,
4,Redactar descripcion con modelo exacto colorway y talla,,,
4,Fijar precio segun vendidos reales,,,
5+,Subir zapatillas de 1 en 1 o de 2 en 2,,,
5+,Si entra en revision aportar lo que pidan y no re-subir en bucle,,,
